slug,asin,imageUrl
procut-s-600-tile-cutter,B0BMM9SRML,
ai-gear-contour-gauge-10in,B084Y8NQWB,
amtech-s4435-tile-nipper,B008PQCLJE,
ezarc-115mm-diamond-cutting-discs-2pk,B09KNMBF5K,
zeno-spirit-level-3-set,B0DMT4BVSF,
flintronic-80pc-levelling-system,B0CY8F8VLJ,
shaffer-pro-4mm-levelling-system,B0CWY1GL15,
levelling-system-400pc-3mm,B0D25JMW2Z,
amtech-tile-grout-float,B0096AWHKG,
5in1-silicone-remover-tool,B09716NPDG,
ob1-clear-sealant-290ml,B08DD3LHFB,
rubi-5mm-tile-wedges-250pk,B00IMPRSK0,
blue-painters-tape-4rolls,B0CYBM99N7,
frogtape-green-multi-surface,B0FVFTR77B,
vitrex-tile-wash-float,B000C74YBM,
vitrex-pt-s001-super-sponge,B009217AHY,
