slug,asin,url
thermopanel-tile-backer-board-10mm,B0CGJCX44D,
muklei-insulation-washers-stainless,B0CJB7CWS1,
imperial-studios-tile-primer,B0FHWWBS1P,
timco-stainless-screws-classic,B00KV6Y6MQ,
hyload-tanking-membrane-adhesive,B07V9DDF6Q,
ob1-grey-tanking-solution,B0DW958FKL,
mapei-mapegum-tanking-membrane,B00I8QPW8I,
mapeker-rapid-flex-adhesive,B01N0RBDHE,
bal-flex-one-adhesive,B09SGBQ8ZW,
standard-tile-adhesive-white-20kg,B0091EJ8HW,
bal-rapid-flex-one-adhesive,B0BL3RMFHB,
ready-mix-adhesive-ceramic-mosaic-v1,B0C81JXHLH,
ready-mix-adhesive-ceramic-mosaic-v2,B0C81DXP65,
professional-tiling-trowels-set,B09PZDCP1Q,
ox-tools-stainless-trowel-12mm,B09KKZC7Y9,
peohud-stainless-finishing-trowel,B0DT9RW731,
ox-bucket-trowel-stainless,B00JFXZ9Z4,
ox-sponge-float,B075SHJ5DH,
vitrex-grouting-tool-set,B009217AHY,
kmj-mixing-bucket,B0DK4315DS,
plasterers-bucket,B09LFWBGCJ,
professional-washboy-grouting-sponge,B07KRH82J6,
vitrex-2901-soft-grout-float,B0009VX2K0,
